{
  "project_info": {
    "project_number": "421217608218",
    "firebase_url": "https://bhaktimarg440.firebaseio.com",
    "project_id": "bhaktimarg440",
    "storage_bucket": "bhaktimarg440.appspot.com"
  },
  "client": [
    {
      "client_info": {
        "mobilesdk_app_id": "1:421217608218:android:90c11ecf08eafd3b6d67a3",
        "android_client_info": {
          "package_name": "com.example.bhaktimarg"
        }
      },
      "oauth_client": [
        {
          "client_id": "421217608218-599g4olvojkis81voc4rc7htcmgiun3f.apps.googleusercontent.com",
          "client_type": 3
        }
      ],
      "api_key": [
        {
          "current_key": "AIzaSyCQ0FebAGJIQ3vsV89tmNYuqtXS5MjDfZM"
        }
      ],
      "services": {
        "appinvite_service": {
          "other_platform_oauth_client": [
            {
              "client_id": "421217608218-599g4olvojkis81voc4rc7htcmgiun3f.apps.googleusercontent.com",
              "client_type": 3
            }
          ]
        }
      }
    }
  ],
  "configuration_version": "1"
}